Workbook

Sheet Vehicle Register
A1: Vehicle No. | B1: Vehicle Type | C1: Registtration No. | D1: Insurance Expiry | E1: Roadworthy Expiry | F1: Last service | G1: Next Service | H1: Insurance Status | I1: Insurance Days Left | J1: Roadworthy Status | K1: Roadworthy Days Left | L1: Service Status | M1: Service days left | N1: Vehicle Availability
A2: 1 | B2: Toyota Coaster | C2: GN 6791-22 | D2: 46446 | E2: 46258 | F2: 46232 | G2: 46324 | H2: =IF(D2<TODAY(),"Expired", IF(D2<=TODAY()+30, "Expired Soon","Active")) -> Active | I2: =D2-TODAY() -> 190 | J2: =IF(E2<TODAY(),"Expired",IF(E2-TODAY()<=30, "Expired Soon","Active")) -> Expired Soon | K2: =E2-TODAY() -> 2 | L2: =IF(G2<TODAY(),"Overdue",IF(G2-TODAY()<=30,"Due Soon","Serviced")) -> Serviced | M2: =G2-TODAY() -> 68 | N2: Active
A3: 2 | B3: Suzuki Carry | C3: GE 3864-17 | D3: 46518 | E3: 46440 | F3: 46219 | G3: 46311 | H3: =IF(D3<TODAY(),"Expired", IF(D3<=TODAY()+30, "Expired Soon","Active")) -> Active | I3: =D3-TODAY() -> 262 | J3: =IF(E3<TODAY(),"Expired",IF(E3-TODAY()<=30, "Expired Soon","Active")) -> Active | K3: =E3-TODAY() -> 184 | L3: =IF(G3<TODAY(),"Overdue",IF(G3-TODAY()<=30,"Due Soon","Serviced")) -> Serviced | M3: =G3-TODAY() -> 55 | N3: Active
A4: 3 | B4: Hyundai H-1 | C4: GX 298-18 | D4: 46519 | E4: 46267 | F4: 46219 | G4: 46311 | H4: =IF(D4<TODAY(),"Expired", IF(D4<=TODAY()+30, "Expired Soon","Active")) -> Active | I4: =D4-TODAY() -> 263 | J4: =IF(E4<TODAY(),"Expired",IF(E4-TODAY()<=30, "Expired Soon","Active")) -> Expired Soon | K4: =E4-TODAY() -> 11 | L4: =IF(G4<TODAY(),"Overdue",IF(G4-TODAY()<=30,"Due Soon","Serviced")) -> Serviced | M4: =G4-TODAY() -> 55 | N4: Active
A5: 4 | B5: Hyundai H-1 | C5: GX 1598-16 | D5: 46427 | E5: 46364 | F5: 46219 | G5: 46311 | H5: =IF(D5<TODAY(),"Expired", IF(D5<=TODAY()+30, "Expired Soon","Active")) -> Active | I5: =D5-TODAY() -> 171 | J5: =IF(E5<TODAY(),"Expired",IF(E5-TODAY()<=30, "Expired Soon","Active")) -> Active | K5: =E5-TODAY() -> 108 | L5: =IF(G5<TODAY(),"Overdue",IF(G5-TODAY()<=30,"Due Soon","Serviced")) -> Serviced | M5: =G5-TODAY() -> 55 | N5: Active
A6: 5 | B6: Hi-Jet | C6: ES 106-25 | E6: 46281 | F6: 46219 | G6: 46311 | H6: =IF(D6<TODAY(),"Expired", IF(D6<=TODAY()+30, "Expired Soon","Active")) -> Expired | I6: =D6-TODAY() -> -46256 | J6: =IF(E6<TODAY(),"Expired",IF(E6-TODAY()<=30, "Expired Soon","Active")) -> Expired Soon | K6: =E6-TODAY() -> 25 | L6: =IF(G6<TODAY(),"Overdue",IF(G6-TODAY()<=30,"Due Soon","Serviced")) -> Serviced | M6: =G6-TODAY() -> 55 | N6: Active
A7: 6 | B7: Toyota Coaster | C7: GS 4897- Z | H7: =IF(D7<TODAY(),"Expired", IF(D7<=TODAY()+30, "Expired Soon","Active")) -> Expired | I7: =D7-TODAY() -> -46256 | J7: =IF(E7<TODAY(),"Expired",IF(E7-TODAY()<=30, "Expired Soon","Active")) -> Expired | K7: =E7-TODAY() -> -46256 | L7: =IF(G7<TODAY(),"Overdue",IF(G7-TODAY()<=30,"Due Soon","Serviced")) -> Overdue | M7: =G7-TODAY() -> -46256 | N7: Under Maintenance
A8: 7 | B8: Mighty Truck(KIA) | C8: GE 3484-20 | E8: 46295 | H8: =IF(D8<TODAY(),"Expired", IF(D8<=TODAY()+30, "Expired Soon","Active")) -> Expired | I8: =D8-TODAY() -> -46256 | J8: =IF(E8<TODAY(),"Expired",IF(E8-TODAY()<=30, "Expired Soon","Active")) -> Active | K8: =E8-TODAY() -> 39 | L8: =IF(G8<TODAY(),"Overdue",IF(G8-TODAY()<=30,"Due Soon","Serviced")) -> Overdue | M8: =G8-TODAY() -> -46256 | N8: Under Maintenance
A9: 8 | B9: Toyota Yaris | C9: GS 1132-14 | D9: 46519 | E9: 46295 | H9: =IF(D9<TODAY(),"Expired", IF(D9<=TODAY()+30, "Expired Soon","Active")) -> Active | I9: =D9-TODAY() -> 263 | J9: =IF(E9<TODAY(),"Expired",IF(E9-TODAY()<=30, "Expired Soon","Active")) -> Active | K9: =E9-TODAY() -> 39 | L9: =IF(G9<TODAY(),"Overdue",IF(G9-TODAY()<=30,"Due Soon","Serviced")) -> Overdue | M9: =G9-TODAY() -> -46256 | N9: Out of Service

Sheet Driver Trip Log
A1: Date | B1: Driver | C1: Vehicle | D1: Reg. No | E1: Destination | F1: Purpose | G1: Odometer out | H1: Odometer In | I1: Distance (km) | J1: Fuel Used(L) | K1: Fuel Effi(km/L) | L1: Remarks
K2: =IFERROR(I2/J2,0) -> 0
A3: 46191 | B3: Mathias | C3: Suzuki Carry | D3: GE 3864-17 | E3: Accra Central | F3: Electric Items | G3: 58600 | H3: 58685 | I3: =H3-G3 -> 85 | J3: 15 | K3: =IFERROR(I3/J3,0) -> 5.6666667 | L3: Completed
A4: 46192 | B4: Mathias | C4: Toyota Coaster | D4: GN 6791-22 | E4: Pantang Hosp. | F4: Donation | G4: 102100 | H4: 102165 | I4: =H4-G4 -> 65 | J4: 50 | K4: =IFERROR(I4/J4,0) -> 1.3 | L4: Completed
A5: 46197 | B5: Mathias | C5: Suzuki Carry | D5: GE 3864-17 | E5: Sakumuno | F5: Founder's HSE | G5: 58800 | H5: 58862 | I5: =H5-G5 -> 62 | J5: 10 | K5: =IFERROR(I5/J5,0) -> 6.2 | L5: Completed
A6: 46200 | B6: Mathias | C6: Toyota Coaster | D6: GN 6791-22 | E6: North Legon | F6: Excursion | G6: 102190 | H6: 102262 | I6: =H6-G6 -> 72 | J6: 55 | K6: =IFERROR(I6/J6,0) -> 1.3090909 | L6: Completed
A7: 46212 | B7: Mathias | C7: Suzuki Carry | D7: GE 3864-17 | E7: EMEF Police Station | F7: Drugs | G7: 58900 | H7: 58980 | I7: 80 | J7: 10 | K7: =IFERROR(I7/J7,0) -> 8 | L7: Completed
A8: 46213 | B8: Mathias | C8: Toyota Coaster | D8: GN 6791-22 | E8: Mamprobi | F8: Funeral | G8: 102280 | H8: 102420 | I8: 140 | J8: 65 | K8: =IFERROR(I8/J8,0) -> 2.1538462 | L8: Completed
A9: 46224 | B9: Mathias | C9: Suzuki Carry | D9: GE 3864-17 | E9: Kasoa Market | F9: Purchase | G9: 59001 | H9: 59203 | I9: 202 | J9: 25 | K9: =IFERROR(I9/J9,0) -> 8.08 | L9: Completed
A10: 46227 | B10: Mathias | C10: Toyota Coaster | D10: GN 6791-22 | E10: Aflao Boarder | F10: Purchase | G10: 102440 | H10: 102798 | I10: 358 | J10: 80 | K10: =IFERROR(I10/J10,0) -> 4.475 | L10: Completed
A11: 46230 | B11: Mathias | C11: Suzuki Carry | D11: GE 3864-17 | E11: New Legon | F11: Purchase | G11: 59230 | H11: 59380 | I11: 150 | J11: 20 | K11: =IFERROR(I11/J11,0) -> 7.5 | L11: Completed
A12: 46234 | B12: Mathias | C12: Suzuki Carry | D12: GE 3864-17 | E12: Comm.25 | F12: Purchase | G12: 59400 | H12: 59500 | I12: 100 | J12: 17 | K12: =IFERROR(I12/J12,0) -> 5.8823529 | L12: Completed
A13: 46234 | B13: Mathias | C13: Toyota Yaris | E13: Airport | F13: Dropoff | L13: Completed
A14: 46246 | B14: Mathias | C14: Toyota Yaris | E14: McCarthy Hill | F14: Founder's HSE | L14: Completed
A23: TRIP SUMMARY
A24: Total Trips | B24: =COUNTA(A3:A1000) -> 17
A25: Total Distance(km) | B25: =SUM(I3:I1000) -> 1314
A26: Total Fuel Used(L) | B26: =SUM(J3:J1000) -> 347
A27: Average Fuel Efficiency(km/L) | B27: =IFERROR(AVERAGE(K3:K1000),0) -> 5.0566957

Sheet Dashboard
A1: VEHICLE & DRIVER MANAGEMENT DASHBOARD
A3: FLEET SUMMARY | D3: VEHICLE STATUS | G3: TODAY | H3: =TODAY() -> 46256
A4: Total Vehicles | B4: =COUNTA('Vehicle Register'!C:C)-1 -> 8 | D4: Roadworthy Expiring _< 30 Days | E4: =COUNTIFS('Vehicle Register'!K:K,">=0",'Vehicle Register'!K:K,"<=30") -> 3
A5: Total Trips | B5: =COUNTA('Driver Trip Log'!A:A)-1 -> 17 | D5: Insurance Expiring _< 30 Days | E5: =COUNTIFS('Vehicle Register'!I:I,">=0",'Vehicle Register'!I:I,"<=30") -> 0
A6: Total Distance (km) | B6: =SUM('Driver Trip Log'!I:I) -> 1314 | D6: Service Due _< 30 Days | E6: =COUNTIFS('Vehicle Register'!M:M,">=0",'Vehicle Register'!M:M,"<=30") -> 0
A7: Total Fuel Used (L) | B7: =SUM('Driver Trip Log'!J:J) -> 347 | D7: Active Vehicles | E7: =COUNTIFS('Vehicle Register'!H:H,"Active") -> 5
A8: Average Fuel Efficiency (km/L) | B8: =IFERROR(AVERAGE('Driver Trip Log'!K:K),0) -> 4.5969961 | D8: Under Maintenance | E8: =COUNTIF('Vehicle Register'!N:N,"Under Maintenance") -> 2
D9: Out of Service | E9: =COUNTIF('Vehicle Register'!N:N,"Out of Service") -> 1
A11: ATTENTION REQUIRED | D11: Status | E11: Vehicles | G11: Metric | H11: Value
A12: Expired Roadworthy | B12: =COUNTIF('Vehicle Register'!J:J,"Expired") -> 1 | D12: Active | E12: =COUNTIF('Vehicle Register'!N:N,"Active") -> 5 | G12: Total Distance (km) | H12: =B6 -> 1314
A13: Roadworthy Expired Soon | B13: =COUNTIF('Vehicle Register'!J:J,"Expired Soon") -> 3 | D13: Under Maintenance | E13: =COUNTIF('Vehicle Register'!N:N,"Under Maintenance") -> 2 | G13: Total Fuel Used (L) | H13: =B7 -> 347
A14: Expired Insurance | B14: =COUNTIF('Vehicle Register'!H:H,"Expired") -> 3 | D14: Out of Service | E14: =COUNTIF('Vehicle Register'!N:N,"Out of Service") -> 1 | G14: Average Fuel Efficiency(km/L) | H14: =B8 -> 4.5969961
A15: Insurance Expired Soon | B15: =COUNTIF('Vehicle Register'!H:H,"Expired Soon") -> 0
A16: Service Overdue | B16: =COUNTIF('Vehicle Register'!L:L,"Overdue") -> 3 | G16: AVERAGE FUEL EFFICIENCY(km/L)
A17: Service Due Soon | B17: =COUNTIF('Vehicle Register'!L:L,"Due Soon") -> 0 | G17: =B8 -> 4.5969961
